{
  "$schema": "http://json-schema.org/draft-04/schema#",
  "type": "object",
  "properties": {
    "userId": {
      "type": "string"
    },
    "previousLink": {
      "type": "string"
    },
    "nextLink": {
      "type": "string"
    },
    "lastSyncDate": {
      "type": "integer"
    },
    "notifications": {
      "type": "array",
      "items": {
        "type": "object",
        "properties": {
          "notificationId": {
            "type": "string"
          },
          "notificationTime": {
            "type": "integer"
          },
          "status": {
            "type": "string"
          },
          "message": {
            "type": "string"
          },
          "isSeen": {
            "type": "boolean"
          }
        },
        "required": [
          "notificationId",
          "notificationTime",
          "status",
          "message",
          "isSeen"
        ]
      }
    },
    "totalUnseen": {
      "type": "integer"
    }
  },
  "required": [
    "userId",
    "previousLink",
    "nextLink",
    "lastSyncDate",
    "notifications",
    "totalUnseen"
  ]
}