{
  "$schema": "http://json-schema.org/draft-04/schema#",
  "type": "object",
  "properties": {
    "usedSpace": {
      "type": "integer"
    },
    "objects": {
      "type": "array",
      "items": {
        "type": "object",
        "properties": {
          "createdDate": {
            "type": "integer"
          },
          "lastUpdatedDate": {
            "type": "integer"
          },
          "status": {
            "type": "string"
          },
          "parentObjectKey": {
            "type": "string"
          },
          "parentObjectType": {
            "type": "string"
          },
          "objectKey": {
            "type": "string"
          },
          "objectType": {
            "type": "string"
          },
          "objectName": {
            "type": "string"
          },
          "mimeType": {
            "type": "string"
          },
          "mimeSubType": {
            "type": "string"
          },
          "sizeInBytes": {
            "type": "integer"
          },
          "altitude": {
            "type": "string"
          },
          "latitude": {
            "type": "string"
          },
          "longitude": {
            "type": "string"
          },
          "isHidden": {
            "type": "boolean"
          },
          "isLocked": {
            "type": "boolean"
          },
          "isReadonly": {
            "type": "boolean"
          },
          "version": {
            "type": "integer"
          },
          "isPinned": {
            "type": "boolean"
          },
          "sourceName": {
            "type": "string"
          },
          "iLiked": {
            "type": "boolean"
          },
          "lastModifiedDate": {
            "type": "integer"
          },
          "lastAccessedDate": {
            "type": "integer"
          },
          "url": {
            "type": "string"
          },
          "imageTranscodeUrl": {
            "type": "string"
          },
          "hash": {
            "type": "string"
          }
        },
        "required": [
          "createdDate",
          "lastUpdatedDate",
          "status",
          "parentObjectKey",
          "parentObjectType",
          "objectKey",
          "objectType",
          "objectName",
          "mimeType",
          "mimeSubType",
          "sizeInBytes",
          "altitude",
          "latitude",
          "longitude",
          "isHidden",
          "isLocked",
          "isReadonly",
          "version",
          "isPinned",
          "sourceName",
          "iLiked",
          "lastModifiedDate",
          "lastAccessedDate",
          "url",
          "imageTranscodeUrl",
          "hash"
        ]
      }
    }
  },
  "required": [
    "usedSpace",
    "objects"
  ]
}