{
  "$schema": "http://json-schema.org/draft-04/schema#",
  "type": "object",
  "properties": {
    "actTranId": {
      "type": "string"
    },
    "contacts": {
      "type": "array",
      "items": {
        "type": "object",
        "properties": {
          "dguid": {
            "type": "string"
          },
          "serGuid": {
            "type": "string"
          },
          "versionNo": {
            "type": "integer"
          },
          "status": {
            "type": "string"
          },
          "code": {
            "type": "string"
          },
          "statusCode": {
            "type": "string"
          }
        },
        "required": [
          "serGuid",
          "versionNo",
          "status",
          "code",
          "statusCode"
        ]
      }
    }
  },
  "required": [
    "actTranId",
    "contacts"
  ]
}