{
  "$schema": "http://json-schema.org/draft-04/schema#",
  "type": "object",
  "properties": {
    "boardKey": {
      "type": "string"
    },
    "lastUpdatedDate": {
      "type": "integer"
    },
    "boardContentSize": {
      "type": "integer"
    },
    "fileCount": {
      "type": "integer"
    },
    "imageCount": {
      "type": "integer"
    },
    "fileDetails": {
      "type": "array",
      "items": {
        "type": "object",
        "properties": {
          "repoObject": {
            "type": "string"
          },
          "clonedObject": {
            "type": "object",
            "properties": {
              "createdDate": {
                "type": "integer"
              },
              "lastUpdatedDate": {
                "type": "integer"
              },
              "status": {
                "type": "string"
              },
              "sourceName": {
                "type": "string"
              },
              "parentObjectName": {
                "type": "string"
              },
              "parentObjectType": {
                "type": "string"
              },
              "parentObjectKey": {
                "type": "string"
              },
              "sizeInBytes": {
                "type": "integer"
              },
              "mimeType": {
                "type": "string"
              },
              "mimeSubType": {
                "type": "string"
              },
              "objectKey": {
                "type": "string"
              },
              "objectName": {
                "type": "string"
              },
              "objectType": {
                "type": "string"
              },
              "isHidden": {
                "type": "boolean"
              },
              "isLocked": {
                "type": "boolean"
              },
              "isReadOnly": {
                "type": "boolean"
              },
              "isPinned": {
                "type": "boolean"
              },
              "iLiked": {
                "type": "boolean"
              },
              "boardsCount": {
                "type": "integer"
              },
              "commentsCount": {
                "type": "integer"
              },
              "likesCount": {
                "type": "integer"
              },
              "version": {
                "type": "integer"
              },
              "lastModifiedDate": {
                "type": "integer"
              },
              "imageTranscodeUrl": {
                "type": "string"
              },
              "url": {
                "type": "string"
              },
              "mobUrl": {
                "type": "string"
              },
              "isOwner": {
                "type": "boolean"
              },
              "owner": {
                "type": "object",
                "properties": {
                  "userId": {
                    "type": "string"
                  },
                  "firstName": {
                    "type": "string"
                  },
                  "profileName": {
                    "type": "string"
                  }
                },
                "required": [
                  "userId",
                  "firstName",
                  "profileName"
                ]
              },
              "lastAccessedDate": {
                "type": "integer"
              }
            },
            "required": [
              "createdDate",
              "lastUpdatedDate",
              "status",
              "sourceName",
              "parentObjectName",
              "parentObjectType",
              "parentObjectKey",
              "sizeInBytes",
              "mimeType",
              "mimeSubType",
              "objectKey",
              "objectName",
              "objectType",
              "isHidden",
              "isLocked",
              "isReadOnly",
              "isPinned",
              "iLiked",
              "boardsCount",
              "commentsCount",
              "likesCount",
              "version",
              "lastModifiedDate",
              "imageTranscodeUrl",
              "url",
              "mobUrl",
              "isOwner",
              "owner",
              "lastAccessedDate"
            ]
          }
        },
        "required": [
          "repoObject",
          "clonedObject"
        ]
      }
    },
    "unprocessed": {
      "type": "array",
      "items": {}
    }
  },
  "required": [
    "boardKey",
    "lastUpdatedDate",
    "boardContentSize",
    "fileCount",
    "imageCount",
    "fileDetails",
    "unprocessed"
  ]
}