{
  "$schema": "http://json-schema.org/draft-04/schema#",
  "type": "object",
  "properties": {
    "boardKey": {
      "type": "string"
    },
    "boardName": {
      "type": "string"
    },
    "ownerFirstName": {
      "type": "string"
    },
    "ownerLastName": {
      "type": "string"
    },
    "lastUpdatedDate": {
      "type": "integer"
    },
    "lastModifiedDate": {
      "type": "integer"
    },
    "boardPermission": {
      "type": "string"
    },
    "boardType": {
      "type": "integer"
    },
    "boardTypeDesc": {
      "type": "string"
    },
    "availableOffLine": {
      "type": "string"
    },
    "ownerProfileName": {
      "type": "string"
    },
    "boardOwnerId": {
      "type": "string"
    },
    "boardContentSize": {
      "type": "integer"
    },
    "createdDate": {
      "type": "integer"
    },
    "boardFolderKey": {
      "type": "string"
    },
    "boardSelfLink": {
      "type": "string"
    },
    "memberCount": {
      "type": "integer"
    },
    "createdBy": {
      "type": "string"
    },
    "fileCount": {
      "type": "integer"
    },
    "imageCount": {
      "type": "integer"
    },
    "videoCount": {
      "type": "integer"
    },
    "audioCount": {
      "type": "integer"
    },
    "documentCount": {
      "type": "integer"
    },
    "linkCount": {
      "type": "integer"
    },
    "userQuota": {
      "type": "object",
      "properties": {
        "allocatedSpace": {
          "type": "integer"
        },
        "usedSpace": {
          "type": "integer"
        }
      },
      "required": [
        "allocatedSpace",
        "usedSpace"
      ]
    },
    "memberType": {
      "type": "string"
    }
  },
  "required": [
    "boardKey",
    "boardName",
    "ownerFirstName",
    "ownerLastName",
    "lastUpdatedDate",
    "lastModifiedDate",
    "boardPermission",
    "boardType",
    "boardTypeDesc",
    "availableOffLine",
    "ownerProfileName",
    "boardOwnerId",
    "boardContentSize",
    "createdDate",
    "boardFolderKey",
    "boardSelfLink",
    "memberCount",
    "createdBy",
    "fileCount",
    "imageCount",
    "videoCount",
    "audioCount",
    "documentCount",
    "linkCount",
    "memberType"
  ]
}