{
  "$schema": "http://json-schema.org/draft-04/schema#",
  "type": "object",
  "properties": {
    "shareKey": {
      "type": "string"
    },
    "total": {
      "type": "integer"
    },
    "objects": {
      "type": "array",
      "items": {
        "type": "object",
        "properties": {
          "sourceName": {
            "type": "string"
          },
          "parentObjectName": {
            "type": "string"
          },
          "parentObjectType": {
            "type": "string"
          },
          "parentObjectKey": {
            "type": "string"
          },
          "sizeInBytes": {
            "type": "integer"
          },
          "mimeType": {
            "type": "string"
          },
          "mimeSubType": {
            "type": "string"
          },
          "fileKey": {
            "type": "string"
          },
          "fileCode": {
            "type": "string"
          },
          "objectKey": {
            "type": "string"
          },
          "objectName": {
            "type": "string"
          },
          "objectType": {
            "type": "string"
          },
          "isHidden": {
            "type": "boolean"
          },
          "isLocked": {
            "type": "boolean"
          },
          "isReadonly": {
            "type": "boolean"
          },
          "url": {
            "type": "string"
          },
          "imageTranscodeUrl": {
            "type": "string"
          },
          "createdTime": {
            "type": "integer"
          },
          "lastUpdatedTime": {
            "type": "integer"
          }
        },
        "required": [
          "sourceName",
          "parentObjectName",
          "parentObjectType",
          "parentObjectKey",
          "sizeInBytes",
          "mimeType",
          "mimeSubType",
          "fileKey",
          "fileCode",
          "objectKey",
          "objectName",
          "objectType",
          "isHidden",
          "isLocked",
          "isReadonly",
          "url",
          "imageTranscodeUrl",
          "createdTime",
          "lastUpdatedTime"
        ]
      }
    }
  },
  "required": [
    "shareKey",
    "total",
    "objects"
  ]
}