{
    "$schema": "http://json-schema.org/draft-04/schema#",
    "definitions": {},
    "id": "http://example.com/example.json",
    "properties": {
        "filesCount": {
            "id": "/properties/filesCount",
            "type": "integer"
        },
        "mimeSubType": {
            "id": "/properties/mimeSubType",
            "type": "string"
        },
        "mimeType": {
            "id": "/properties/mimeType",
            "type": "string"
        },
        "objectName": {
            "id": "/properties/objectName",
            "type": "string"
        },
        "objectType": {
            "id": "/properties/objectType",
            "type": "string"
        },
        "thumbnailUrl": {
            "id": "/properties/thumbnailUrl",
            "type": "string"
        }
    },
    "type": "object"
}