{
  "$schema": "http://json-schema.org/draft-04/schema#",
  "type": "object",
  "properties": {
    "processed": {
      "type": "array",
      "items": {
        "type": "object",
        "properties": {
          "firstName": {
            "type": "string"
          },
          "lastName": {
            "type": "string"
          },
          "userContact": {
            "type": "string"
          },
          "userType": {
            "type": "string"
          },
          "inviteCode": {
            "type": "string"
          },
          "inviteType": {
            "type": "string"
          },
          "inviteMessage": {
            "type": "string"
          },
          "inviteUrl": {
            "type": "string"
          }
        },
        "required": [
          "firstName",
          "lastName",
          "userContact",
          "userType",
          "inviteCode",
          "inviteType",
          "inviteMessage",
          "inviteUrl"
        ]
      }
    }
  },
  "required": [
    "processed"
  ]
}