{
  "$schema": "http://json-schema.org/draft-04/schema#",
  "type": "object",
  "properties": {
    "defaultAutoBackupSetting": {
      "type": "string"
    },
    "jioAutoBackupSetting": {
      "type": "string"
    },
    "defaultSilentBackupSetting": {
      "type": "string"
    },
    "jioSilentBackupSetting": {
      "type": "string"
    },
    "maxFileSize": {
      "type": "integer"
    },
    "photoBackup": {
      "type": "string"
    },
    "videoBackup": {
      "type": "string"
    },
    "contactBackup": {
      "type": "string"
    },
    "overridePrevSetting": {
      "type": "string"
    },
    "noofFilesToBackup": {
      "type": "integer"
    },
    "nightTimeLTEStartTime": {
      "type": "string"
    },
    "nightTimeLTEEndTime": {
      "type": "string"
    },
    "noofDaystoBackup": {
      "type": "integer"
    },
    "documentBackup": {
      "type": "string"
    },
    "audioBackup": {
      "type": "string"
    },
    "appLinks": {
      "type": "object",
      "properties": {
        "baseURL": {
          "type": "string"
        },
        "baseWebURL": {
          "type": "string"
        },
        "uploadURL": {
          "type": "string"
        },
        "autoUploadURL": {
          "type": "string"
        },
        "contactsURL": {
          "type": "string"
        },
        "nmsURL": {
          "type": "string"
        },
        "boardURL": {
          "type": "string"
        },
        "shareURL": {
          "type": "string"
        },
        "notificationsURL": {
          "type": "string"
        },
        "securityURL": {
          "type": "string"
        },
        "downloadURL": {
          "type": "string"
        },
        "trashURL": {
          "type": "string"
        },
        "upgradeStorageURL": {
          "type": "string"
        },
        "subscriptionURL": {
          "type": "string"
        },
        "privacyPolicyURL": {
          "type": "string"
        },
        "termofServiceURL": {
          "type": "string"
        },
        "thirdPartyPolicyURL": {
          "type": "string"
        }
      },
      "required": [
        "baseURL",
        "baseWebURL",
        "uploadURL",
        "autoUploadURL",
        "contactsURL",
        "nmsURL",
        "boardURL",
        "shareURL",
        "notificationsURL",
        "securityURL",
        "downloadURL",
        "trashURL",
        "upgradeStorageURL",
        "subscriptionURL",
        "privacyPolicyURL",
        "termofServiceURL",
        "thirdPartyPolicyURL"
      ]
    }
  },
  "required": [
    "defaultAutoBackupSetting",
    "jioAutoBackupSetting",
    "defaultSilentBackupSetting",
    "jioSilentBackupSetting",
    "maxFileSize",
    "photoBackup",
    "videoBackup",
    "contactBackup",
    "overridePrevSetting",
    "noofFilesToBackup",
    "nightTimeLTEStartTime",
    "nightTimeLTEEndTime",
    "noofDaystoBackup",
    "documentBackup",
    "audioBackup",
    "appLinks"
  ]
}