{
    "$schema": "http://json-schema.org/draft-04/schema#",
    "definitions": {},
    "id": "http://example.com/example.json",
    "properties": {
        "appLinks": {
            "id": "/properties/appLinks",
            "properties": {
                "autoUploadURL": {
                    "id": "/properties/appLinks/properties/autoUploadURL",
                    "type": "string"
                },
                "baseURL": {
                    "id": "/properties/appLinks/properties/baseURL",
                    "type": "string"
                },
                "baseWebURL": {
                    "id": "/properties/appLinks/properties/baseWebURL",
                    "type": "string"
                },
                "boardURL": {
                    "id": "/properties/appLinks/properties/boardURL",
                    "type": "string"
                },
                "contactsURL": {
                    "id": "/properties/appLinks/properties/contactsURL",
                    "type": "string"
                },
                "downloadURL": {
                    "id": "/properties/appLinks/properties/downloadURL",
                    "type": "string"
                },
                "faqURL": {
                    "id": "/properties/appLinks/properties/faqURL",
                    "type": "string"
                },
                "infoURL": {
                    "id": "/properties/appLinks/properties/infoURL",
                    "type": "string"
                },
                "nmsURL": {
                    "id": "/properties/appLinks/properties/nmsURL",
                    "type": "string"
                },
                "notificationsURL": {
                    "id": "/properties/appLinks/properties/notificationsURL",
                    "type": "string"
                },
                "privacyPolicyURL": {
                    "id": "/properties/appLinks/properties/privacyPolicyURL",
                    "type": "string"
                },
                "securityURL": {
                    "id": "/properties/appLinks/properties/securityURL",
                    "type": "string"
                },
                "shareURL": {
                    "id": "/properties/appLinks/properties/shareURL",
                    "type": "string"
                },
                "subscriptionURL": {
                    "id": "/properties/appLinks/properties/subscriptionURL",
                    "type": "string"
                },
                "termofServiceURL": {
                    "id": "/properties/appLinks/properties/termofServiceURL",
                    "type": "string"
                },
                "thirdPartyPolicyURL": {
                    "id": "/properties/appLinks/properties/thirdPartyPolicyURL",
                    "type": "string"
                },
                "trashURL": {
                    "id": "/properties/appLinks/properties/trashURL",
                    "type": "string"
                },
                "upgradeStorageURL": {
                    "id": "/properties/appLinks/properties/upgradeStorageURL",
                    "type": "string"
                },
                "uploadURL": {
                    "id": "/properties/appLinks/properties/uploadURL",
                    "type": "string"
                }
            },
            "type": "object"
        },
        "audioBackup": {
            "id": "/properties/audioBackup",
            "type": "string"
        },
        "contactBackup": {
            "id": "/properties/contactBackup",
            "type": "string"
        },
        "defaultAutoBackupSetting": {
            "id": "/properties/defaultAutoBackupSetting",
            "type": "string"
        },
        "defaultSilentBackupSetting": {
            "id": "/properties/defaultSilentBackupSetting",
            "type": "string"
        },
        "documentBackup": {
            "id": "/properties/documentBackup",
            "type": "string"
        },
        "jioAutoBackupSetting": {
            "id": "/properties/jioAutoBackupSetting",
            "type": "string"
        },
        "jioSilentBackupSetting": {
            "id": "/properties/jioSilentBackupSetting",
            "type": "string"
        },
        "maxFileSize": {
            "id": "/properties/maxFileSize",
            "type": "integer"
        },
        "nightTimeFlag": {
            "id": "/properties/nightTimeFlag",
            "type": "string"
        },
        "nightTimeLTEEndTime": {
            "id": "/properties/nightTimeLTEEndTime",
            "type": "string"
        },
        "nightTimeLTEStartTime": {
            "id": "/properties/nightTimeLTEStartTime",
            "type": "string"
        },
        "noofDaystoBackup": {
            "id": "/properties/noofDaystoBackup",
            "type": "integer"
        },
        "noofFilesToBackup": {
            "id": "/properties/noofFilesToBackup",
            "type": "integer"
        },
        "overridePrevSetting": {
            "id": "/properties/overridePrevSetting",
            "type": "string"
        },
        "photoBackup": {
            "id": "/properties/photoBackup",
            "type": "string"
        },
        "videoBackup": {
            "id": "/properties/videoBackup",
            "type": "string"
        }
    },
    "type": "object"
}
