{
    "$schema": "http://json-schema.org/draft-04/schema#",
    "definitions": {},
    "id": "http://example.com/example.json",
    "properties": {
        "appLinks": {
            "id": "/properties/appLinks",
            "properties": {
                "autoUploadURL": {
                    "id": "/properties/appLinks/properties/autoUploadURL",
                    "type": "string"
                },
                "baseURL": {
                    "id": "/properties/appLinks/properties/baseURL",
                    "type": "string"
                },
                "baseWebURL": {
                    "id": "/properties/appLinks/properties/baseWebURL",
                    "type": "string"
                },
                "boardURL": {
                    "id": "/properties/appLinks/properties/boardURL",
                    "type": "string"
                },
                "boardUploadURL": {
                    "id": "/properties/appLinks/properties/boardUploadURL",
                    "type": "string"
                },
                "contactsURL": {
                    "id": "/properties/appLinks/properties/contactsURL",
                    "type": "string"
                },
                "downloadURL": {
                    "id": "/properties/appLinks/properties/downloadURL",
                    "type": "string"
                },
                "faqURL": {
                    "id": "/properties/appLinks/properties/faqURL",
                    "type": "string"
                },
                "infoURL": {
                    "id": "/properties/appLinks/properties/infoURL",
                    "type": "string"
                },
                "inviteURL": {
                    "id": "/properties/appLinks/properties/inviteURL",
                    "type": "string"
                },
                "nmsURL": {
                    "id": "/properties/appLinks/properties/nmsURL",
                    "type": "string"
                },
                "notificationsURL": {
                    "id": "/properties/appLinks/properties/notificationsURL",
                    "type": "string"
                },
                "privacyPolicyURL": {
                    "id": "/properties/appLinks/properties/privacyPolicyURL",
                    "type": "string"
                },
                "securityURL": {
                    "id": "/properties/appLinks/properties/securityURL",
                    "type": "string"
                },
                "shareURL": {
                    "id": "/properties/appLinks/properties/shareURL",
                    "type": "string"
                },
                "subscriptionURL": {
                    "id": "/properties/appLinks/properties/subscriptionURL",
                    "type": "string"
                },
                "termofServiceURL": {
                    "id": "/properties/appLinks/properties/termofServiceURL",
                    "type": "string"
                },
                "thirdPartyPolicyURL": {
                    "id": "/properties/appLinks/properties/thirdPartyPolicyURL",
                    "type": "string"
                },
                "trashURL": {
                    "id": "/properties/appLinks/properties/trashURL",
                    "type": "string"
                },
                "upgradeStorageURL": {
                    "id": "/properties/appLinks/properties/upgradeStorageURL",
                    "type": "string"
                },
                "uploadURL": {
                    "id": "/properties/appLinks/properties/uploadURL",
                    "type": "string"
                }
            },
            "type": "object"
        },
        "audioBackup": {
            "id": "/properties/audioBackup",
            "type": "string"
        },
        "backupSettingsFlag": {
            "id": "/properties/backupSettingsFlag",
            "properties": {
                "audioBackupFlag": {
                    "id": "/properties/backupSettingsFlag/properties/audioBackupFlag",
                    "type": "string"
                },
                "contactBackupFlag": {
                    "id": "/properties/backupSettingsFlag/properties/contactBackupFlag",
                    "type": "string"
                },
                "defaultAutoBackupSettingFlag": {
                    "id": "/properties/backupSettingsFlag/properties/defaultAutoBackupSettingFlag",
                    "type": "string"
                },
                "defaultSilentBackupSettingFlag": {
                    "id": "/properties/backupSettingsFlag/properties/defaultSilentBackupSettingFlag",
                    "type": "string"
                },
                "documentBackupFlag": {
                    "id": "/properties/backupSettingsFlag/properties/documentBackupFlag",
                    "type": "string"
                },
                "jioAutoBackupSettingFlag": {
                    "id": "/properties/backupSettingsFlag/properties/jioAutoBackupSettingFlag",
                    "type": "string"
                },
                "jioSilentBackupSettingFlag": {
                    "id": "/properties/backupSettingsFlag/properties/jioSilentBackupSettingFlag",
                    "type": "string"
                },
                "maxFileSizeFlag": {
                    "id": "/properties/backupSettingsFlag/properties/maxFileSizeFlag",
                    "type": "string"
                },
                "messageBackupFlag": {
                    "id": "/properties/backupSettingsFlag/properties/messageBackupFlag",
                    "type": "string"
                },
                "nightTimeLTEEndTimeFlag": {
                    "id": "/properties/backupSettingsFlag/properties/nightTimeLTEEndTimeFlag",
                    "type": "string"
                },
                "nightTimeLTEStartTimeFlag": {
                    "id": "/properties/backupSettingsFlag/properties/nightTimeLTEStartTimeFlag",
                    "type": "string"
                },
                "noofDaystoBackupFlag": {
                    "id": "/properties/backupSettingsFlag/properties/noofDaystoBackupFlag",
                    "type": "string"
                },
                "noofFilesToBackupFlag": {
                    "id": "/properties/backupSettingsFlag/properties/noofFilesToBackupFlag",
                    "type": "string"
                },
                "photoBackupFlag": {
                    "id": "/properties/backupSettingsFlag/properties/photoBackupFlag",
                    "type": "string"
                },
                "uploadEndTimeFlag": {
                    "id": "/properties/backupSettingsFlag/properties/uploadEndTimeFlag",
                    "type": "string"
                },
                "uploadStartTimeFlag": {
                    "id": "/properties/backupSettingsFlag/properties/uploadStartTimeFlag",
                    "type": "string"
                },
                "videoBackupFlag": {
                    "id": "/properties/backupSettingsFlag/properties/videoBackupFlag",
                    "type": "string"
                }
            },
            "type": "object"
        },
        "contactBackup": {
            "id": "/properties/contactBackup",
            "type": "string"
        },
        "defaultAutoBackupSetting": {
            "id": "/properties/defaultAutoBackupSetting",
            "type": "string"
        },
        "defaultSilentBackupSetting": {
            "id": "/properties/defaultSilentBackupSetting",
            "type": "string"
        },
        "documentBackup": {
            "id": "/properties/documentBackup",
            "type": "string"
        },
        "featurePhoneBackup": {
            "id": "/properties/featurePhoneBackup",
            "type": "string"
        },
        "jioAutoBackupSetting": {
            "id": "/properties/jioAutoBackupSetting",
            "type": "string"
        },
        "jioSilentBackupSetting": {
            "id": "/properties/jioSilentBackupSetting",
            "type": "string"
        },
        "maxFileSize": {
            "id": "/properties/maxFileSize",
            "type": "integer"
        },
        "messageBackup": {
            "id": "/properties/messageBackup",
            "type": "string"
        },
        "nightTimeFlag": {
            "id": "/properties/nightTimeFlag",
            "type": "string"
        },
        "nightTimeLTEEndTime": {
            "id": "/properties/nightTimeLTEEndTime",
            "type": "string"
        },
        "nightTimeLTEStartTime": {
            "id": "/properties/nightTimeLTEStartTime",
            "type": "string"
        },
        "noofDaystoBackup": {
            "id": "/properties/noofDaystoBackup",
            "type": "integer"
        },
        "noofFilesToBackup": {
            "id": "/properties/noofFilesToBackup",
            "type": "integer"
        },
        "overridePrevSetting": {
            "id": "/properties/overridePrevSetting",
            "type": "string"
        },
        "photoBackup": {
            "id": "/properties/photoBackup",
            "type": "string"
        },
        "uploadEndTime": {
            "id": "/properties/uploadEndTime",
            "type": "string"
        },
        "uploadStartTime": {
            "id": "/properties/uploadStartTime",
            "type": "string"
        },
        "videoBackup": {
            "id": "/properties/videoBackup",
            "type": "string"
        }
    },
    "type": "object"
}