{
  "$schema": "http://json-schema.org/draft-04/schema#",
  "type": "object",
  "properties": {
    "members": {
      "type": "object",
      "properties": {
        "Implementation-Title": {
          "type": "object",
          "properties": {
            "value": {
              "type": "string"
            }
          },
          "required": [
            "value"
          ]
        },
        "Target-Compatibility": {
          "type": "object",
          "properties": {
            "value": {
              "type": "string"
            }
          },
          "required": [
            "value"
          ]
        },
        "Copyright": {
          "type": "object",
          "properties": {
            "value": {
              "type": "string"
            }
          },
          "required": [
            "value"
          ]
        },
        "Implementation-Version": {
          "type": "object",
          "properties": {
            "value": {
              "type": "string"
            }
          },
          "required": [
            "value"
          ]
        },
        "Built-By": {
          "type": "object",
          "properties": {
            "value": {
              "type": "string"
            }
          },
          "required": [
            "value"
          ]
        },
        "Source-Compatibility": {
          "type": "object",
          "properties": {
            "value": {
              "type": "string"
            }
          },
          "required": [
            "value"
          ]
        },
        "Build-Time": {
          "type": "object",
          "properties": {
            "value": {
              "type": "string"
            }
          },
          "required": [
            "value"
          ]
        },
        "Built-JDK": {
          "type": "object",
          "properties": {
            "value": {
              "type": "string"
            }
          },
          "required": [
            "value"
          ]
        },
        "Manifest-Version": {
          "type": "object",
          "properties": {
            "value": {
              "type": "string"
            }
          },
          "required": [
            "value"
          ]
        },
        "Framework-Version": {
          "type": "object",
          "properties": {
            "value": {
              "type": "string"
            }
          },
          "required": [
            "value"
          ]
        }
      },
      "required": [
        "Implementation-Title",
        "Target-Compatibility",
        "Copyright",
        "Implementation-Version",
        "Built-By",
        "Source-Compatibility",
        "Build-Time",
        "Built-JDK",
        "Manifest-Version",
        "Framework-Version"
      ]
    }
  },
  "required": [
    "members"
  ]
}