{
  "$schema": "http://json-schema.org/draft-04/schema#",
  "type": "object",
  "properties": {
    "Implementation-Title": {
      "type": "string"
    },
    "Target-Compatibility": {
      "type": "string"
    },
    "Copyright": {
      "type": "string"
    },
    "Implementation-Version": {
      "type": "string"
    },
    "Built-By": {
      "type": "string"
    },
    "Source-Compatibility": {
      "type": "string"
    },
    "Build-Time": {
      "type": "string"
    },
    "Built-JDK": {
      "type": "string"
    },
    "Manifest-Version": {
      "type": "string"
    },
    "Framework-Version": {
      "type": "string"
    }
  },
  "required": [
    "Implementation-Title",
    "Target-Compatibility",
    "Copyright",
    "Implementation-Version",
    "Built-By",
    "Source-Compatibility",
    "Build-Time",
    "Built-JDK",
    "Manifest-Version",
    "Framework-Version"
  ]
}