{
  "$schema": "http://json-schema.org/draft-04/schema#",
  "type": "object",
  "properties": {
    "authProviderId": {
      "type": "integer"
    },
    "emailId": {
      "type": "string"
    },
    "firstName": {
      "type": "string"
    },
    "lastName": {
      "type": "string"
    },
    "status": {
      "type": "string"
    },
    "idamUnique": {
      "type": "string"
    },
    "allocatedSpace": {
      "type": "integer"
    },
    "usedSpace": {
      "type": "integer"
    },
    "mobileNumber": {
      "type": "string"
    }
  },
  "required": [
    "authProviderId",
    "emailId",
    "firstName",
    "lastName",
    "status",
    "idamUnique",
    "allocatedSpace",
    "usedSpace",
    "mobileNumber"
  ]
}