{
  "$schema": "http://json-schema.org/draft-04/schema#",
  "type": "object",
  "properties": {
    "userId": {
      "type": "string"
    },
    "authProviderId": {
      "type": "integer"
    },
    "emailId": {
      "type": "string"
    },
    "firstName": {
      "type": "string"
    },
    "profilePhotoPath": {
      "type": "string"
    },
    "profileIconPhotoPath": {
      "type": "string"
    },
    "status": {
      "type": "string"
    },
    "rootFolderKey": {
      "type": "string"
    },
    "isMobileNumVerified": {
      "type": "boolean"
    },
    "isEmailIdVerified": {
      "type": "boolean"
    },
    "mobileNumber": {
      "type": "string"
    },
    "quota": {
      "type": "object",
      "properties": {
        "allocatedSpace": {
          "type": "integer"
        },
        "usedSpace": {
          "type": "integer"
        },
        "photoUsage": {
          "type": "integer"
        },
        "videoUsage": {
          "type": "integer"
        },
        "audioUsage": {
          "type": "integer"
        },
        "documentUsage": {
          "type": "integer"
        }
      },
      "required": [
        "allocatedSpace",
        "usedSpace",
        "photoUsage",
        "videoUsage",
        "audioUsage",
        "documentUsage"
      ]
    },
    "devices": {
      "type": "array",
      "items": {
        "type": "object",
        "properties": {
          "deviceName": {
            "type": "string"
          },
          "deviceKey": {
            "type": "string"
          },
          "platformType": {
            "type": "string"
          },
          "isWebClient": {
            "type": "boolean"
          }
        },
        "required": [
          "deviceName",
          "deviceKey",
          "platformType",
          "isWebClient"
        ]
      }
    }
  },
  "required": [
    "userId",
    "authProviderId",
    "emailId",
    "firstName",
    "profilePhotoPath",
    "profileIconPhotoPath",
    "status",
    "rootFolderKey",
    "isMobileNumVerified",
    "isEmailIdVerified",
    "mobileNumber",
    "quota",
    "devices"
  ]
}