{
  "$schema": "http://json-schema.org/draft-04/schema#",
  "type": "object",
  "properties": {
    "mergeSuggestion": {
      "type": "object",
      "properties": {
        "duplicateContacts": {
          "type": "array",
          "items": {
            "type": "object",
            "properties": {
              "guid": {
                "type": "string"
              },
              "contactId": {
                "type": "string"
              },
              "vcard": {
                "type": "string"
              },
              "acType": {
                "type": "string"
              },
              "acName": {
                "type": "string"
              },
              "confidenceRank": {
                "type": "number"
              }
            },
            "required": [
              "guid",
              "contactId",
              "vcard",
              "acType",
              "acName",
              "confidenceRank"
            ]
          }
        }
      },
      "required": [
        "duplicateContacts"
      ]
    }
  },
  "required": [
    "mergeSuggestion"
  ]
}