{
  "$schema": "http://json-schema.org/draft-04/schema#",
  "type": "object",
  "properties": {
    "completeMatchContacts": {
      "type": "array",
      "items": {
        "type": "object",
        "properties": {
          "duplicateCount": {
            "type": "integer"
          },
          "guid": {
            "type": "string"
          },
          "firstName": {
            "type": "string"
          },
          "lastName": {
            "type": "string"
          },
          "contactId": {
            "type": "string"
          },
          "duplicateIds": {
            "type": "array",
            "items": {
              "type": "string"
            }
          }
        },
        "required": [
          "duplicateCount",
          "guid",
          "firstName",
          "lastName",
          "contactId",
          "duplicateIds"
        ]
      }
    },
    "partialMatchContacts": {
      "type": "array",
      "items": {
        "type": "object",
        "properties": {
          "duplicateCount": {
            "type": "integer"
          },
          "guid": {
            "type": "string"
          },
          "firstName": {
            "type": "string"
          },
          "lastName": {
            "type": "string"
          },
          "contactId": {
            "type": "string"
          },
          "duplicateIds": {
            "type": "array",
            "items": {
              "type": "string"
            }
          }
        },
        "required": [
          "duplicateCount",
          "guid",
          "firstName",
          "lastName",
          "contactId",
          "duplicateIds"
        ]
      }
    }
  },
  "required": [
    "completeMatchContacts",
    "partialMatchContacts"
  ]
}