{
    "$schema": "http://json-schema.org/draft-04/schema#",
    "definitions": {},
    "id": "http://example.com/example.json",
    "properties": {
        "objects": {
            "id": "/properties/objects",
            "items": {
                "id": "/properties/objects/items",
                "properties": {
                    "createdBy": {
                        "id": "/properties/objects/items/properties/createdBy",
                        "type": "string"
                    },
                    "createdDate": {
                        "id": "/properties/objects/items/properties/createdDate",
                        "type": "integer"
                    },
                    "createdTime": {
                        "id": "/properties/objects/items/properties/createdTime",
                        "type": "integer"
                    },
                    "fileCode": {
                        "id": "/properties/objects/items/properties/fileCode",
                        "type": "string"
                    },
                    "fileKey": {
                        "id": "/properties/objects/items/properties/fileKey",
                        "type": "string"
                    },
                    "imageTranscodeUrl": {
                        "id": "/properties/objects/items/properties/imageTranscodeUrl",
                        "type": "string"
                    },
                    "lastUpdatedBy": {
                        "id": "/properties/objects/items/properties/lastUpdatedBy",
                        "type": "string"
                    },
                    "lastUpdatedDate": {
                        "id": "/properties/objects/items/properties/lastUpdatedDate",
                        "type": "integer"
                    },
                    "lastUpdatedTime": {
                        "id": "/properties/objects/items/properties/lastUpdatedTime",
                        "type": "integer"
                    },
                    "mimeSubType": {
                        "id": "/properties/objects/items/properties/mimeSubType",
                        "type": "string"
                    },
                    "mimeType": {
                        "id": "/properties/objects/items/properties/mimeType",
                        "type": "string"
                    },
                    "objectKey": {
                        "id": "/properties/objects/items/properties/objectKey",
                        "type": "string"
                    },
                    "objectName": {
                        "id": "/properties/objects/items/properties/objectName",
                        "type": "string"
                    },
                    "objectType": {
                        "id": "/properties/objects/items/properties/objectType",
                        "type": "string"
                    },
                    "parentObjectKey": {
                        "id": "/properties/objects/items/properties/parentObjectKey",
                        "type": "string"
                    },
                    "sourceFolder": {
                        "id": "/properties/objects/items/properties/sourceFolder",
                        "type": "string"
                    },
                    "status": {
                        "id": "/properties/objects/items/properties/status",
                        "type": "string"
                    },
                    "url": {
                        "id": "/properties/objects/items/properties/url",
                        "type": "string"
                    }
                },
                "type": "object"
            },
            "type": "array"
        },
        "shareKey": {
            "id": "/properties/shareKey",
            "type": "string"
        },
        "total": {
            "id": "/properties/total",
            "type": "integer"
        }
    },
    "type": "object"
}