{
    "$schema": "http://json-schema.org/draft-04/schema#",
    "definitions": {},
    "id": "http://example.com/example.json",
    "properties": {
        "boardDescription": {
            "id": "/properties/boardDescription",
            "type": "string"
        },
        "boardKey": {
            "id": "/properties/boardKey",
            "type": "string"
        },
        "boardMembers": {
            "id": "/properties/boardMembers",
            "items": {
                "id": "/properties/boardMembers/items",
                "properties": {
                    "firstName": {
                        "id": "/properties/boardMembers/items/properties/firstName",
                        "type": "string"
                    },
                    "lastName": {
                        "id": "/properties/boardMembers/items/properties/lastName",
                        "type": "string"
                    },
                    "memCreatedDate": {
                        "id": "/properties/boardMembers/items/properties/memCreatedDate",
                        "type": "integer"
                    },
                    "memberStatus": {
                        "id": "/properties/boardMembers/items/properties/memberStatus",
                        "type": "string"
                    },
                    "memberType": {
                        "id": "/properties/boardMembers/items/properties/memberType",
                        "type": "string"
                    },
                    "mobileNumber": {
                        "id": "/properties/boardMembers/items/properties/mobileNumber",
                        "type": "string"
                    },
                    "profilePic": {
                        "id": "/properties/boardMembers/items/properties/profilePic",
                        "type": "string"
                    },
                    "profilePicIcon": {
                        "id": "/properties/boardMembers/items/properties/profilePicIcon",
                        "type": "string"
                    },
                    "userId": {
                        "id": "/properties/boardMembers/items/properties/userId",
                        "type": "string"
                    }
                },
                "type": "object"
            },
            "type": "array"
        },
        "boardName": {
            "id": "/properties/boardName",
            "type": "string"
        },
        "boardType": {
            "id": "/properties/boardType",
            "type": "string"
        },
        "categoryKey": {
            "id": "/properties/categoryKey",
            "type": "string"
        },
        "categoryName": {
            "id": "/properties/categoryName",
            "type": "string"
        },
        "createdBy": {
            "id": "/properties/createdBy",
            "type": "string"
        },
        "createdDate": {
            "id": "/properties/createdDate",
            "type": "integer"
        },
        "filesCount": {
            "id": "/properties/filesCount",
            "type": "integer"
        },
        "filesSize": {
            "id": "/properties/filesSize",
            "type": "integer"
        },
        "lastUpdatedDate": {
            "id": "/properties/lastUpdatedDate",
            "type": "integer"
        },
        "owner": {
            "id": "/properties/owner",
            "properties": {
                "ownerFirstName": {
                    "id": "/properties/owner/properties/ownerFirstName",
                    "type": "string"
                },
                "ownerMobNum": {
                    "id": "/properties/owner/properties/ownerMobNum",
                    "type": "string"
                },
                "ownerProfilePic": {
                    "id": "/properties/owner/properties/ownerProfilePic",
                    "type": "string"
                },
                "ownerUserId": {
                    "id": "/properties/owner/properties/ownerUserId",
                    "type": "string"
                }
            },
            "type": "object"
        },
        "status": {
            "id": "/properties/status",
            "type": "string"
        },
        "usersCount": {
            "id": "/properties/usersCount",
            "type": "integer"
        }
    },
    "type": "object"
}