{
    "$schema": "http://json-schema.org/draft-04/schema#",
    "definitions": {},
    "id": "http://example.com/example.json",
    "properties": {
        "audioCount": {
            "id": "/properties/audioCount",
            "type": "integer"
        },
        "boardDescription": {
            "id": "/properties/boardDescription",
            "type": "string"
        },
        "boardKey": {
            "id": "/properties/boardKey",
            "type": "string"
        },
        "boardName": {
            "id": "/properties/boardName",
            "type": "string"
        },
        "boardType": {
            "id": "/properties/boardType",
            "type": "string"
        },
        "createdBy": {
            "id": "/properties/createdBy",
            "type": "string"
        },
        "createdDate": {
            "id": "/properties/createdDate",
            "type": "integer"
        },
        "filesCount": {
            "id": "/properties/filesCount",
            "type": "integer"
        },
        "filesSize": {
            "id": "/properties/filesSize",
            "type": "integer"
        },
        "hrefCount": {
            "id": "/properties/hrefCount",
            "type": "integer"
        },
        "imageCount": {
            "id": "/properties/imageCount",
            "type": "integer"
        },
        "lastUpdatedBy": {
            "id": "/properties/lastUpdatedBy",
            "type": "string"
        },
        "lastUpdatedDate": {
            "id": "/properties/lastUpdatedDate",
            "type": "integer"
        },
        "owner": {
            "id": "/properties/owner",
            "properties": {
                "ownerFirstName": {
                    "id": "/properties/owner/properties/ownerFirstName",
                    "type": "string"
                },
                "ownerLastName": {
                    "id": "/properties/owner/properties/ownerLastName",
                    "type": "string"
                },
                "ownerMobNum": {
                    "id": "/properties/owner/properties/ownerMobNum",
                    "type": "string"
                },
                "ownerProfilePic": {
                    "id": "/properties/owner/properties/ownerProfilePic",
                    "type": "string"
                },
                "ownerUserId": {
                    "id": "/properties/owner/properties/ownerUserId",
                    "type": "string"
                }
            },
            "type": "object"
        },
        "status": {
            "id": "/properties/status",
            "type": "string"
        },
        "userBoardRelation": {
            "id": "/properties/userBoardRelation",
            "properties": {
                "memberType": {
                    "id": "/properties/userBoardRelation/properties/memberType",
                    "type": "string"
                }
            },
            "type": "object"
        },
        "usersCount": {
            "id": "/properties/usersCount",
            "type": "integer"
        },
        "videoCount": {
            "id": "/properties/videoCount",
            "type": "integer"
        }
    },
    "type": "object"
}