{
    "$schema": "http://json-schema.org/draft-04/schema#",
    "definitions": {},
    "id": "http://example.com/example.json",
    "properties": {
        "boardKey": {
            "id": "/properties/boardKey",
            "type": "string"
        },
        "commentCount": {
            "id": "/properties/commentCount",
            "type": "integer"
        },
        "createdBy": {
            "id": "/properties/createdBy",
            "type": "string"
        },
        "createdDate": {
            "id": "/properties/createdDate",
            "type": "integer"
        },
        "fileHash": {
            "id": "/properties/fileHash",
            "type": "string"
        },
        "href": {
            "id": "/properties/href",
            "type": "string"
        },
        "hrefImage": {
            "id": "/properties/hrefImage",
            "type": "string"
        },
        "lastModifiedDate": {
            "id": "/properties/lastModifiedDate",
            "type": "integer"
        },
        "lastUpdatedBy": {
            "id": "/properties/lastUpdatedBy",
            "type": "string"
        },
        "lastUpdatedDate": {
            "id": "/properties/lastUpdatedDate",
            "type": "integer"
        },
        "likeCount": {
            "id": "/properties/likeCount",
            "type": "integer"
        },
        "mimeType": {
            "id": "/properties/mimeType",
            "type": "string"
        },
        "objectKey": {
            "id": "/properties/objectKey",
            "type": "string"
        },
        "objectName": {
            "id": "/properties/objectName",
            "type": "string"
        },
        "objectType": {
            "id": "/properties/objectType",
            "type": "string"
        },
        "status": {
            "id": "/properties/status",
            "type": "string"
        },
        "url": {
            "id": "/properties/url",
            "type": "string"
        },
        "version": {
            "id": "/properties/version",
            "type": "integer"
        }
    },
    "type": "object"
}