{
    "$schema": "http://json-schema.org/draft-04/schema#",
    "definitions": {},
    "id": "http://example.com/example.json",
    "properties": {
        "boardKey": {
            "id": "/properties/boardKey",
            "type": "string"
        },
        "commentKey": {
            "id": "/properties/commentKey",
            "type": "string"
        },
        "lastUpdatedTime": {
            "id": "/properties/lastUpdatedTime",
            "type": "integer"
        },
        "status": {
            "id": "/properties/status",
            "type": "string"
        },
        "userId": {
            "id": "/properties/userId",
            "type": "string"
        }
    },
    "type": "object"
}