{
    "$schema": "http://json-schema.org/draft-04/schema#",
    "definitions": {},
    "id": "http://example.com/example.json",
    "properties": {
        "boardCategories": {
            "id": "/properties/boardCategories",
            "items": {
                "id": "/properties/boardCategories/items",
                "properties": {
                    "categoryKey": {
                        "id": "/properties/boardCategories/items/properties/categoryKey",
                        "type": "string"
                    },
                    "categoryName": {
                        "id": "/properties/boardCategories/items/properties/categoryName",
                        "type": "string"
                    },
                    "categoryUrl": {
                        "id": "/properties/boardCategories/items/properties/categoryUrl",
                        "type": "string"
                    },
                    "description": {
                        "id": "/properties/boardCategories/items/properties/description",
                        "type": "string"
                    }
                },
                "type": "object"
            },
            "type": "array"
        }
    },
    "type": "object"
}