{
    "$schema": "http://json-schema.org/draft-04/schema#",
    "definitions": {},
    "id": "http://example.com/example.json",
    "properties": {
        "boardKey": {
            "id": "/properties/boardKey",
            "type": "string"
        },
        "comments": {
            "id": "/properties/comments",
            "items": {
                "id": "/properties/comments/items",
                "properties": {
                    "canDelete": {
                        "id": "/properties/comments/items/properties/canDelete",
                        "type": "string"
                    },
                    "canUpdate": {
                        "id": "/properties/comments/items/properties/canUpdate",
                        "type": "string"
                    },
                    "comment": {
                        "id": "/properties/comments/items/properties/comment",
                        "type": "string"
                    },
                    "commentKey": {
                        "id": "/properties/comments/items/properties/commentKey",
                        "type": "string"
                    },
                    "createdBy": {
                        "id": "/properties/comments/items/properties/createdBy",
                        "type": "string"
                    },
                    "createdDate": {
                        "id": "/properties/comments/items/properties/createdDate",
                        "type": "integer"
                    },
                    "firstName": {
                        "id": "/properties/comments/items/properties/firstName",
                        "type": "string"
                    },
                    "lastUpdatedBy": {
                        "id": "/properties/comments/items/properties/lastUpdatedBy",
                        "type": "string"
                    },
                    "lastUpdatedDate": {
                        "id": "/properties/comments/items/properties/lastUpdatedDate",
                        "type": "integer"
                    },
                    "status": {
                        "id": "/properties/comments/items/properties/status",
                        "type": "string"
                    }
                },
                "type": "object"
            },
            "type": "array"
        },
        "currentTime": {
            "id": "/properties/currentTime",
            "type": "integer"
        },
        "total": {
            "id": "/properties/total",
            "type": "integer"
        }
    },
    "type": "object"
}