{
    "$schema": "http://json-schema.org/draft-04/schema#",
    "definitions": {},
    "id": "http://example.com/example.json",
    "properties": {
        "objects": {
            "id": "/properties/objects",
            "items": {
                "id": "/properties/objects/items",
                "properties": {
                    "boardKey": {
                        "id": "/properties/objects/items/properties/boardKey",
                        "type": "string"
                    },
                    "createdBy": {
                        "id": "/properties/objects/items/properties/createdBy",
                        "type": "string"
                    },
                    "createdDate": {
                        "id": "/properties/objects/items/properties/createdDate",
                        "type": "integer"
                    },
                    "fileSize": {
                        "id": "/properties/objects/items/properties/fileSize",
                        "type": "integer"
                    },
                    "imageTranscodeUrl": {
                        "id": "/properties/objects/items/properties/imageTranscodeUrl",
                        "type": "string"
                    },
                    "lastModifiedDate": {
                        "id": "/properties/objects/items/properties/lastModifiedDate",
                        "type": "integer"
                    },
                    "lastUpdatedBy": {
                        "id": "/properties/objects/items/properties/lastUpdatedBy",
                        "type": "string"
                    },
                    "lastUpdatedDate": {
                        "id": "/properties/objects/items/properties/lastUpdatedDate",
                        "type": "integer"
                    },
                    "mimeSubType": {
                        "id": "/properties/objects/items/properties/mimeSubType",
                        "type": "string"
                    },
                    "mimeType": {
                        "id": "/properties/objects/items/properties/mimeType",
                        "type": "string"
                    },
                    "objectKey": {
                        "id": "/properties/objects/items/properties/objectKey",
                        "type": "string"
                    },
                    "objectName": {
                        "id": "/properties/objects/items/properties/objectName",
                        "type": "string"
                    },
                    "objectType": {
                        "id": "/properties/objects/items/properties/objectType",
                        "type": "string"
                    },
                    "status": {
                        "id": "/properties/objects/items/properties/status",
                        "type": "string"
                    },
                    "url": {
                        "id": "/properties/objects/items/properties/url",
                        "type": "string"
                    },
                    "version": {
                        "id": "/properties/objects/items/properties/version",
                        "type": "integer"
                    }
                },
                "type": "object"
            },
            "type": "array"
        }
    },
    "type": "object"
}