{
    "$schema": "http://json-schema.org/draft-04/schema#",
    "definitions": {},
    "id": "http://example.com/example.json",
    "properties": {
        "processed": {
            "id": "/properties/processed",
            "items": {
                "id": "/properties/processed/items",
                "properties": {
                    "contactType": {
                        "id": "/properties/processed/items/properties/contactType",
                        "type": "string"
                    },
                    "firstName": {
                        "id": "/properties/processed/items/properties/firstName",
                        "type": "string"
                    },
                    "inviteCode": {
                        "id": "/properties/processed/items/properties/inviteCode",
                        "type": "string"
                    },
                    "inviteMessage": {
                        "id": "/properties/processed/items/properties/inviteMessage",
                        "type": "string"
                    },
                    "inviteType": {
                        "id": "/properties/processed/items/properties/inviteType",
                        "type": "string"
                    },
                    "inviteUrl": {
                        "id": "/properties/processed/items/properties/inviteUrl",
                        "type": "string"
                    },
                    "lastName": {
                        "id": "/properties/processed/items/properties/lastName",
                        "type": "string"
                    },
                    "userContact": {
                        "id": "/properties/processed/items/properties/userContact",
                        "type": "string"
                    },
                    "userType": {
                        "id": "/properties/processed/items/properties/userType",
                        "type": "string"
                    }
                },
                "type": "object"
            },
            "type": "array"
        }
    },
    "type": "object"
}