{
    "$schema": "http://json-schema.org/draft-04/schema#",
    "definitions": {},
    "id": "http://example.com/example.json",
    "properties": {
        "objects": {
            "id": "/properties/objects",
            "items": {
                "id": "/properties/objects/items",
                "properties": {
                    "correlationId": {
                        "id": "/properties/objects/items/properties/correlationId",
                        "type": "string"
                    },
                    "object": {
                        "id": "/properties/objects/items/properties/object",
                        "properties": {
                            "audioCount": {
                                "id": "/properties/objects/items/properties/object/properties/audioCount",
                                "type": "integer"
                            },
                            "boardDescription": {
                                "id": "/properties/objects/items/properties/object/properties/boardDescription",
                                "type": "string"
                            },
                            "boardKey": {
                                "id": "/properties/objects/items/properties/object/properties/boardKey",
                                "type": "string"
                            },
                            "boardName": {
                                "id": "/properties/objects/items/properties/object/properties/boardName",
                                "type": "string"
                            },
                            "boardType": {
                                "id": "/properties/objects/items/properties/object/properties/boardType",
                                "type": "string"
                            },
                            "categoryKey": {
                                "id": "/properties/objects/items/properties/object/properties/categoryKey",
                                "type": "string"
                            },
                            "categoryName": {
                                "id": "/properties/objects/items/properties/object/properties/categoryName",
                                "type": "string"
                            },
                            "commentsCount": {
                                "id": "/properties/objects/items/properties/object/properties/commentsCount",
                                "type": "integer"
                            },
                            "createdBy": {
                                "id": "/properties/objects/items/properties/object/properties/createdBy",
                                "type": "string"
                            },
                            "createdDate": {
                                "id": "/properties/objects/items/properties/object/properties/createdDate",
                                "type": "integer"
                            },
                            "documentCount": {
                                "id": "/properties/objects/items/properties/object/properties/documentCount",
                                "type": "integer"
                            },
                            "filesCount": {
                                "id": "/properties/objects/items/properties/object/properties/filesCount",
                                "type": "integer"
                            },
                            "filesSize": {
                                "id": "/properties/objects/items/properties/object/properties/filesSize",
                                "type": "integer"
                            },
                            "hrefCount": {
                                "id": "/properties/objects/items/properties/object/properties/hrefCount",
                                "type": "integer"
                            },
                            "imageCount": {
                                "id": "/properties/objects/items/properties/object/properties/imageCount",
                                "type": "integer"
                            },
                            "lastModifiedDate": {
                                "id": "/properties/objects/items/properties/object/properties/lastModifiedDate",
                                "type": "integer"
                            },
                            "lastUpdatedBy": {
                                "id": "/properties/objects/items/properties/object/properties/lastUpdatedBy",
                                "type": "string"
                            },
                            "lastUpdatedDate": {
                                "id": "/properties/objects/items/properties/object/properties/lastUpdatedDate",
                                "type": "integer"
                            },
                            "owner": {
                                "id": "/properties/objects/items/properties/object/properties/owner",
                                "properties": {
                                    "ownerFirstName": {
                                        "id": "/properties/objects/items/properties/object/properties/owner/properties/ownerFirstName",
                                        "type": "string"
                                    },
                                    "ownerMobNum": {
                                        "id": "/properties/objects/items/properties/object/properties/owner/properties/ownerMobNum",
                                        "type": "string"
                                    },
                                    "ownerProfilePic": {
                                        "id": "/properties/objects/items/properties/object/properties/owner/properties/ownerProfilePic",
                                        "type": "string"
                                    },
                                    "ownerUserId": {
                                        "id": "/properties/objects/items/properties/object/properties/owner/properties/ownerUserId",
                                        "type": "string"
                                    }
                                },
                                "type": "object"
                            },
                            "status": {
                                "id": "/properties/objects/items/properties/object/properties/status",
                                "type": "string"
                            },
                            "usersCount": {
                                "id": "/properties/objects/items/properties/object/properties/usersCount",
                                "type": "integer"
                            },
                            "videoCount": {
                                "id": "/properties/objects/items/properties/object/properties/videoCount",
                                "type": "integer"
                            }
                        },
                        "type": "object"
                    }
                },
                "type": "object"
            },
            "type": "array"
        }
    },
    "type": "object"
}