{
    "$schema": "http://json-schema.org/draft-04/schema#",
    "definitions": {},
    "id": "http://example.com/example.json",
    "properties": {
        "objects": {
            "id": "/properties/objects",
            "items": {
                "id": "/properties/objects/items",
                "properties": {
                    "altitude": {
                        "id": "/properties/objects/items/properties/altitude",
                        "type": "string"
                    },
                    "boardKey": {
                        "id": "/properties/objects/items/properties/boardKey",
                        "type": "string"
                    },
                    "boardName": {
                        "id": "/properties/objects/items/properties/boardName",
                        "type": "string"
                    },
                    "createdBy": {
                        "id": "/properties/objects/items/properties/createdBy",
                        "type": "string"
                    },
                    "createdDate": {
                        "id": "/properties/objects/items/properties/createdDate",
                        "type": "integer"
                    },
                    "fileCode": {
                        "id": "/properties/objects/items/properties/fileCode",
                        "type": "string"
                    },
                    "fileSize": {
                        "id": "/properties/objects/items/properties/fileSize",
                        "type": "integer"
                    },
                    "lastModifiedDate": {
                        "id": "/properties/objects/items/properties/lastModifiedDate",
                        "type": "integer"
                    },
                    "lastUpdatedBy": {
                        "id": "/properties/objects/items/properties/lastUpdatedBy",
                        "type": "string"
                    },
                    "lastUpdatedDate": {
                        "id": "/properties/objects/items/properties/lastUpdatedDate",
                        "type": "integer"
                    },
                    "latitude": {
                        "id": "/properties/objects/items/properties/latitude",
                        "type": "string"
                    },
                    "longitude": {
                        "id": "/properties/objects/items/properties/longitude",
                        "type": "string"
                    },
                    "mimeSubType": {
                        "id": "/properties/objects/items/properties/mimeSubType",
                        "type": "string"
                    },
                    "mimeType": {
                        "id": "/properties/objects/items/properties/mimeType",
                        "type": "string"
                    },
                    "objectKey": {
                        "id": "/properties/objects/items/properties/objectKey",
                        "type": "string"
                    },
                    "objectName": {
                        "id": "/properties/objects/items/properties/objectName",
                        "type": "string"
                    },
                    "objectType": {
                        "id": "/properties/objects/items/properties/objectType",
                        "type": "string"
                    },
                    "owner": {
                        "id": "/properties/objects/items/properties/owner",
                        "properties": {
                            "ownerFirstName": {
                                "id": "/properties/objects/items/properties/owner/properties/ownerFirstName",
                                "type": "string"
                            },
                            "ownerUserId": {
                                "id": "/properties/objects/items/properties/owner/properties/ownerUserId",
                                "type": "string"
                            }
                        },
                        "type": "object"
                    },
                    "status": {
                        "id": "/properties/objects/items/properties/status",
                        "type": "string"
                    }
                },
                "type": "object"
            },
            "type": "array"
        }
    },
    "type": "object"
}