{
  "$schema": "http://json-schema.org/draft-04/schema#",
  "type": "object",
  "properties": {
    "createdDate": {
      "type": "integer"
    },
    "lastUpdatedDate": {
      "type": "integer"
    },
    "status": {
      "type": "string"
    },
    "parentObjectKey": {
      "type": "string"
    },
    "parentObjectType": {
      "type": "string"
    },
    "objectKey": {
      "type": "string"
    },
    "objectType": {
      "type": "string"
    },
    "objectName": {
      "type": "string"
    },
    "isHidden": {
      "type": "boolean"
    },
    "isLocked": {
      "type": "boolean"
    },
    "isReadonly": {
      "type": "boolean"
    },
    "isRestricted": {
      "type": "boolean"
    },
    "version": {
      "type": "integer"
    },
    "isPinned": {
      "type": "boolean"
    },
    "sourceName": {
      "type": "string"
    },
    "lastModifiedDate": {
      "type": "integer"
    },
    "lastAccessedDate": {
      "type": "integer"
    }
  },
  "required": [
    "createdDate",
    "lastUpdatedDate",
    "status",
    "parentObjectKey",
    "parentObjectType",
    "objectKey",
    "objectType",
    "objectName",
    "isHidden",
    "isLocked",
    "isReadonly",
    "isRestricted",
    "version",
    "isPinned",
    "sourceName",
    "lastModifiedDate",
    "lastAccessedDate"
  ]
}