{
  "$schema": "http://json-schema.org/draft-04/schema#",
  "type": "object",
  "properties": {
    "contacts": {
      "type": "array",
      "items": {
        "type": "object",
        "properties": {
          "contactid": {
            "type": "string"
          },
          "source_account_type": {
            "type": "string"
          },
          "source_account_value": {
            "type": "string"
          },
          "version": {
            "type": "string"
          },
          "lastupdateon": {
            "type": "string"
          },
          "isdeleted": {
            "type": "string"
          },
          "device_id_list": {
            "type": "string"
          },
          "jcard": {
            "type": "string"
          }
        },
        "required": [
          "contactid",
          "source_account_type",
          "version",
          "lastupdateon",
          "isdeleted",
          "device_id_list",
          "jcard"
        ]
      }
    },
    "next": {
      "type": "string"
    },
    "onlyActive": {
      "type": "boolean"
    }
  },
  "required": [
    "contacts",
    "next",
    "onlyActive"
  ]
}