{
  "$schema": "http://json-schema.org/draft-04/schema#",
  "type": "object",
  "properties": {
    "restoreSummary": {
      "type": "array",
      "items": {
        "type": "object",
        "properties": {
          "lastBackupTime": {
            "type": "string"
          },
          "count": {
            "type": "integer"
          },
          "snapshotid": {
            "type": "string"
          },
          "devices": {
            "type": "array",
            "items": {
              "type": "object",
              "properties": {
                "deviceKey": {
                  "type": "string"
                },
                "count": {
                  "type": "integer"
                }
              },
              "required": [
                "deviceKey",
                "count"
              ]
            }
          }
        },
        "required": [
          "lastBackupTime",
          "count",
          "snapshotid",
          "devices"
        ]
      }
    }
  },
  "required": [
    "restoreSummary"
  ]
}