<?xml version="1.0" encoding="UTF-8"?>
<suite name="Jio Drive 2.0 API Regression Suite" verbose="1">
	<parameter name="log-file-name" value="SuiteExecution" />
	<listeners>
		<listener class-name="com.rjil.cloud.tej.common.CustomListener" />
		<listener class-name="com.rjil.cloud.tej.common.ExtentReporterNG" />
		<listener class-name="com.rjil.cloud.tej.common.TestNGCustomReportListener" />

	</listeners>

	<parameter name="reportTitle"
		value="JioCloud2.0 API Contacts Module Execution Report" />
	<!-- <parameter name="reportFileName" value="custom-contacts-regression-report.html" 
		/> -->
	<parameter name="reportFileName" value="TestNGSuiteForContactsModuleReport" />

	<!-- <groups> <run> <include name="Contacts1" /> </run> </groups> -->
	<test name="UserManagement">
		 <packages>
			<package name="com.rjil.cloud.tej.api.test.contacts" />
		</packages>

	</test>

</suite>
