<?xml version="1.0" encoding="UTF-8"?>
<suite name="Jio Drive 2.0 API Regression Suite" verbose="1">
	<parameter name="log-file-name" value="SuiteExecution" />
	<listeners>
		<listener class-name="com.rjil.cloud.tej.common.CustomListener" />
		<listener class-name="com.rjil.cloud.tej.common.ExtentReporterNG" />
		<listener class-name="com.rjil.cloud.tej.common.TestNGCustomReportListener" />

	</listeners>

	<parameter name="reportTitle"
		value="JioCloud2.0 API Contacts Module Execution Report" />
	<!-- <parameter name="reportFileName" value="custom-contacts-regression-report.html" 
		/> -->
	<parameter name="reportFileName" value="TestNGSuiteForContactsModuleReport" />

	<!-- <groups> <run> <include name="Contacts1" /> </run> </groups> -->
	<test name="UserManagement">
		<classes>
			<class
				name="com.rjil.cloud.tej.api.testmultidevice.contacts.BackupContactTestMultidevice" />
			<class
				name="com.rjil.cloud.tej.api.testmultidevice.contacts.MergeModuleTest1GetDuplicateContactsSummaryTestMultidevice" />
			<class
				name="com.rjil.cloud.tej.api.testmultidevice.contacts.MergeModuleTest2MergeAllMergeSuggestionsOfDuplicateContactsTestMultidevice" />
			<class
				name="com.rjil.cloud.tej.api.testmultidevice.contacts.RestoreContactSummaryTestMultidevice" />
			<class
				name="com.rjil.cloud.tej.api.test.contacts.UpdateCopyContactDeviceMappingTest" />
			<class
				name="com.rjil.cloud.tej.api.test.contacts.UpdateCopyContactDeviceMappingTestNegativeHeader" />
			<class
				name="com.rjil.cloud.tej.api.test.contacts.UpdateRestoreContactDeviceMappingTest" />
			<class
				name="com.rjil.cloud.tej.api.test.contacts.UpdateRestoreContactDeviceMappingTestNegativeHeader" />
			<class
				name="com.rjil.cloud.tej.api.test.contacts.UpdateSuccessCabDateTimeTest" />
			<class
				name="com.rjil.cloud.tej.api.test.contacts.UpdateSuccessCabDateTimeTestNegativeHeader" />
			<class
				name="com.rjil.cloud.tej.api.test.contacts.UpdateSuccessRestoreDateTimeTest" />
			<class
				name="com.rjil.cloud.tej.api.test.contacts.UpdateSuccessRestoreDateTimeTestNegativeHeader" />
			<class
				name="com.rjil.cloud.tej.api.testmultidevice.contacts.MergeModuleTest5DiscardAllMergeSuggestionsOfDuplicateContactsTestMultidevice" />

		</classes>

	</test>

</suite>
