<?xml version="1.0" encoding="UTF-8"?>
<suite name="Jio Drive 2.0 API Regression Suite" verbose="1">
	<listeners>
		<listener class-name="com.rjil.cloud.tej.common.CustomListener" />
	<listener class-name="com.rjil.cloud.tej.common.ExtentReporterNG" />
		<listener class-name="com.rjil.cloud.tej.common.TestNGCustomReportListener" />
	</listeners>
	<parameter name="reportTitle" value="JioCloud2.0 API Execution Report" />
	<!-- <parameter name="reportFileName" value="custom-tej-regression-report.html" 
		/> -->
	<parameter name="reportFileName" value="JioCloudRegressionReport" />
	<!-- <groups> <run> <include name="Sanity" /> </run> </groups> -->
	
	<test name="Delete All files">
	<classes>
	<class name="com.rjil.cloud.tej.api.test.nms.DeleteMetaDataForAll" />
	</classes>
	
	</test>
	
	
</suite>