<?xml version="1.0" encoding="UTF-8"?>
<suite name="Jio Drive 2.0 API Regression Suite" verbose="1">
	<listeners>
		<listener class-name="com.rjil.cloud.tej.common.CustomListener" />
		<listener class-name="com.rjil.cloud.tej.common.ExtentReporterNG" />
		<listener class-name="com.rjil.cloud.tej.common.TestNGCustomReportListener" />

	</listeners>

	<parameter name="reportTitle" value="JioCloud2.0 API Tej Module Execution Report" />
	<!--  <parameter name="reportFileName" value="custom-tej-regression-report.html" />-->
	<parameter name="reportFileName" value="JioCloudIntegrationTest" />


	 <groups>
		<run>
			<include name="Sanity" />
		</run>
	</groups>
	 <test name="UserManagement">
		<classes>
			<class name="com.rjil.cloud.tej.api.test.usermanagement.AddIdamUserTest" />
			<class
				name="com.rjil.cloud.tej.api.test.usermanagement.SendContactVerificationCodeTest" />
			<class
				name="com.rjil.cloud.tej.api.test.usermanagement.SetUserProfilePicTest" />
		</classes>

	</test> 

	  <test name="Upload">
		<packages>
			<package name="com.rjil.cloud.tej.api.test.fileupload" />
		</packages>
	</test>


	<test name="SharedServices">
		<packages>
			<package name="com.rjil.cloud.tej.api.test.sharedServices" />
		</packages>
	</test>

	<test name="Other API's">
		<packages>
			<package name="com.rjil.cloud.tej.api.test.others" />
		</packages>
	</test>

	<test name="StreamingServices">
		<packages>
			<package name="com.rjil.cloud.tej.api.test.streaming" />
		</packages>
	</test>

	<test name="Download">
		<packages>
			<package name="com.rjil.cloud.tej.api.test.download" />
		</packages>
	</test>
	<test name="Boards"> <packages> <package name="com.rjil.cloud.tej.api.test.boards" 
		/> </packages> </test>
 
	<test name="NMS">
		<packages>
			<package name="com.rjil.cloud.tej.api.test.nms" />
		</packages>
	</test>

  	<test name="GatewayServices">
		<packages>
			<package name="com.rjil.cloud.tej.api.test.gatewayservices" />
		</packages>
		<classes> <class name="com.rjil.cloud.tej.api.test.gatewayservices.GetAutoBackupSettingsAndAPIsURLTest" 
			/> </classes>
	</test>

	<test name="NotificationServices">
		<packages>
			<package name="com.rjil.cloud.tej.api.test.notifications" />
		</packages>
		<classes> <class name="com.rjil.cloud.tej.api.test.notifications.GetNotificationsTest" 
			/> </classes>
	</test> 
 
	 <test name="Contacts">
		<packages>
			<package name="com.rjil.cloud.tej.api.test.contacts" />
			<package name="com.rjil.cloud.tej.api.testmultidevice.contacts" />
		</packages>
	</test> 
</suite>
