<?xml version="1.0" encoding="UTF-8"?>
<suite name="Jio Drive 2.0 API Regression Suite" verbose="1">
	<listeners>
		<listener class-name="com.rjil.cloud.tej.common.CustomListener" />
		<listener class-name="com.rjil.cloud.tej.common.ExtentReporterNG" />
		<listener class-name="com.rjil.cloud.tej.common.TestNGCustomReportListener" />

	</listeners>

	<parameter name="reportTitle" value="JioCloud2.0 API Execution Report" />
	<!-- <parameter name="reportFileName" value="custom-tej-regression-report.html" 
		/> -->
	<parameter name="reportFileName" value="JioCloudRegressionReport" />


	  <groups> 
	  <run> 
	  <include name="Sanity Testing" /> 
	  </run> 
	  </groups> 
	<!-- <groups> <run> <include name="Sanity" /> </run> </groups> -->
	<test name="UserManagement">
		<classes>
			<class
				name="com.rjil.cloud.tej.api.test.usermanagement.SetUserProfilePicTest" />
			<class
				name="com.rjil.cloud.tej.api.test.usermanagement.GetAllCountryIsdCodesTest" />
			<class
				name="com.rjil.cloud.tej.api.test.usermanagement.GetAutoBackupSettingsTest" />
			<class
				name="com.rjil.cloud.tej.api.test.usermanagement.StoreAutoBackupSettingsTest" />
			<class
				name="com.rjil.cloud.tej.api.test.usermanagement.UpdateAutoBackupSettingsTest" />
			<class
				name="com.rjil.cloud.tej.api.test.usermanagement.GetUserProfileTest" />

		</classes>

	</test>

 	 <test name="Upload">
		<packages>
			<package name="com.rjil.cloud.tej.api.test.fileupload" />
		</packages>
	</test>


	<test name="SharedServices">
		<packages>
			<package name="com.rjil.cloud.tej.api.test.sharedServices" />
		</packages>
	</test>

	<test name="Other API's">
		<packages>
			<package name="com.rjil.cloud.tej.api.test.others" />
		</packages>
	</test>

	<test name="StreamingServices">
		<packages>
			<package name="com.rjil.cloud.tej.api.test.streaming" />
		</packages>
	</test> 


	<test name="Download">
		<packages>
			<package name="com.rjil.cloud.tej.api.test.download" />
		</packages>
	</test> 
	
	<test name="NMS">
		<packages>
			<package name="com.rjil.cloud.tej.api.test.nms" />
		</packages>
	</test>



	<test name="GatewayServices">
		<packages>
			<package name="com.rjil.cloud.tej.api.test.gatewayservices" />
		</packages>
		<classes> <class name="com.rjil.cloud.tej.api.test.gatewayservices.GetAutoBackupSettingsAndAPIsURLTest" 
			/> </classes>
	</test>

	<test name="Document Conversion">
	<classes>
	<class name="com.rjil.cloud.tej.api.test.documentconversion.DocumentConversionTest"/>
	</classes>
	
	</test>

	<test name="NotificationServices">
		<packages>
			<package name="com.rjil.cloud.tej.api.test.notifications" />
		</packages>
		<classes> <class name="com.rjil.cloud.tej.api.test.notifications.GetNotificationsTest" 
			/> </classes>
 	</test>
	<test name="Amiko Backup Restore Cab ">
		 <packages>
			<package name="com.rjil.cloud.tej.api.test.contacts" />
		</packages>

	</test>
	
	<test name="Amiko Dedupe Merge Discard">
		<packages>
			<package name="com.rjil.cloud.tej.api.test.mergeContacts" />
		</packages>
	</test>
 


</suite>
