<?xml version="1.0" encoding="UTF-8"?>
<suite name="Jio Drive 2.0 API Monitoring Suite" verbose="1">
	<listeners>
		<listener class-name="com.rjil.cloud.tej.common.CustomListener" />
		<listener class-name="com.rjil.cloud.tej.common.ExtentReporterNG" />
		<listener class-name="com.rjil.cloud.tej.common.TestNGCustomReportListener" />
		<listener class-name="com.rjil.cloud.tej.common.RetryListener"/>
		<listener class-name="com.rjil.cloud.tej.common.TestListener"/>
	</listeners>

	<parameter name="reportTitle" value="JioCloud2.0 API Monitoring Report" />
	<!-- <parameter name="reportFileName" value="custom-monitoring-report.html" 
		/> -->
	<parameter name="reportFileName" value="JioCloudBoardApi" />

	<!-- <groups> <run> <include name="Sanity" /> </run> </groups> -->

	<!-- <test name="BoardsDeltaSync"> <packages> <package name="com.rjil.cloud.tej.api.test.boards." 
		/> </packages> </test> -->
		
		 <test name="CreateBoard">
		<classes>
			<class name="com.rjil.cloud.tej.api.test.boards.CreateBoardNegativeTest" />
			<class name="com.rjil.cloud.tej.api.test.boards.CreateBoardTest" />
		</classes>
	</test>

	 <test name="BoardsDeltaSync">
		<classes>
		<class name="com.rjil.cloud.tej.api.test.boards.BoardsDeltaSyncTest" />
			<class
				name="com.rjil.cloud.tej.api.test.boards.BoardDeltaSyncNegativeTest" />
			
		</classes>
	</test>

	<test name="BoardsFeed">
		<classes>
			<class name="com.rjil.cloud.tej.api.test.boards.BoardsFeedTest" />
			<class name="com.rjil.cloud.tej.api.test.boards.BoardsFeedNegativeTest" />
		
		</classes>
	</test> 

	<test name="BoardsCopyFileToAnotherBoard/RepoFileToBoard">
		<classes>
			<class
				name="com.rjil.cloud.tej.api.test.boards.CopyFileFromAnotherBoardTest" />
		</classes>
	</test>
	
 	<test name="RepoFileToBoard">
		<classes>
			 <class
				name="com.rjil.cloud.tej.api.test.boards.RepositoryFileUploadToBoardNegativeTest" />
			<class
				name="com.rjil.cloud.tej.api.test.boards.RepositoryFileUploadToBoardTest" /> 
		</classes>
	</test>

	<test name="BoardsHyperLink">
		<classes>
			<class
				name="com.rjil.cloud.tej.api.test.boards.CreateBoardHyperlinkNegativeTest" />
			<class name="com.rjil.cloud.tej.api.test.boards.CreateBoardHyperLinkTest" />
		</classes>
	</test>

	

	<test name="EnableDisableBoardNotification">
		<classes>
			<class
				name="com.rjil.cloud.tej.api.test.boards.DisableNotificationPerBoardTest" />
			<class
				name="com.rjil.cloud.tej.api.test.boards.EnableNotificationPerBoardTest" />
		</classes>
	</test>

	<test name="BoardCategories">
		<classes>
			<class name="com.rjil.cloud.tej.api.test.boards.GetBoardCategoriesTest" />
		</classes>
	</test>

	<test name="BoardCoverPicAndFileDownload">
		<classes>
			<class name="com.rjil.cloud.tej.api.test.boards.DownloadBoardCoverPicTest" />
			<class name="com.rjil.cloud.tej.api.test.boards.DownloadBoardFileTest" />
		</classes>
	</test>

	<test name="IndividualDelta/InitialSync">
		<classes>
			<class
				name="com.rjil.cloud.tej.api.test.boards.IndividualBoardDeltaSyncNegativeTest" />
			<class
				name="com.rjil.cloud.tej.api.test.boards.IndividualBoardDeltaSyncTest" />
			<class
				name="com.rjil.cloud.tej.api.test.boards.IndividualBoardInitialSyncNegativeTest" />
			<class
				name="com.rjil.cloud.tej.api.test.boards.IndividualBoardInitialSyncTest" />
		</classes>
	</test>

	<test name="BoardFavorite/Unfavorite">
		<classes>
			<class
				name="com.rjil.cloud.tej.api.test.boards.MarkBoardAsUnFavoriteNegativeTest" />
			<class name="com.rjil.cloud.tej.api.test.boards.MarkBoardAsFavouriteTest" />
			<class
				name="com.rjil.cloud.tej.api.test.boards.MarkBoardAsUnFavoriteNegativeTest" />
			<class
				name="com.rjil.cloud.tej.api.test.boards.MarkBoardAsUnfavouriteTest" />
		</classes>
	</test>

	<test name="RestoreTrashBoardFile">
		<classes>
			<class
				name="com.rjil.cloud.tej.api.test.boards.RestoreTrashBoardFilesNegativeTest" />
			<class
				name="com.rjil.cloud.tej.api.test.boards.RestoreTrashBoardFilesTest" />
		
		</classes>
	</test>
	
	<test name="RestoreTrashBoardFileUsingSingleFileUpload">
		<classes>
			<class
				name="com.rjil.cloud.tej.api.test.boards.RestoreTrashBoardFilesUsingSingleFileUploadNegativeTest" />
			<class
				name="com.rjil.cloud.tej.api.test.boards.RestoreTrashBoardFilesUsingSingleFileUploadTest" />
		</classes>
	</test>
	
	<test name="UpdateBoardMetadata">
		<classes>
			
			<class
				name="com.rjil.cloud.tej.api.test.boards.UpdateBoardMetaDataNegativeTest" />
		
		<class
				name="com.rjil.cloud.tej.api.test.boards.UpdateBoardMetaDataTest" />
		
		<class
				name="com.rjil.cloud.tej.api.test.boards.UpdateBoardMetaDataUsingSingleFileUploadTest" />
				
		</classes>
		
	</test>
	
	<test name="UpdateBoardCoverPic">
		<classes>
			<class
				name="com.rjil.cloud.tej.api.test.boards.UpdateBoardCoverPicNegativeTest" />
				
			<class name="com.rjil.cloud.tej.api.test.boards.UpdateBoardsCoverPicTest" />
			<class
				name="com.rjil.cloud.tej.api.test.boards.UpdateBoardCoverPicUsingSingleFileUploadNegativeTest" />
			<class
				name="com.rjil.cloud.tej.api.test.boards.UpdateBoardsCoverPicUsingSingleFileUploadTest" />
		
		</classes>
		
	</test>
	
	<test name="ViewTrashedFile">
		<classes>
		<class
				name="com.rjil.cloud.tej.api.test.boards.ViewTrashedFilesTest" />
		</classes>
		
	</test>

	<test name="BoardInvites">
	<packages>
	<package name="com.rjil.cloud.tej.api.test.boardinvites"/>
	</packages>
	
	</test>
	
	<test name="BoardComments">
	<packages>
	<package name="com.rjil.cloud.tej.api.test.boardcomments"/>
	</packages>
	
	</test>
	
	<test name="BoardSharedService">
	<packages>
	<package name="com.rjil.cloud.tej.api.test.boardsharedservices"/>
	</packages>
	
	</test>
	
	<test name="SingleFileUploadToBoard">
	<classes>
	<class name="com.rjil.cloud.tej.api.test.fileupload.UploadForBoardTest"/>
	<class name="com.rjil.cloud.tej.api.test.fileupload.UploadForBoardNegativeTest"/>
	<class name="com.rjil.cloud.tej.api.test.fileupload.UploadForBoardNegativeTest"/>
	<class name="com.rjil.cloud.tej.api.test.fileupload.ChunkFileUploadForBoardTest"/>
	</classes>
	
	</test>
	

</suite>