<?xml version="1.0" encoding="UTF-8"?>
<suite name="Jio Drive 2.0 API Monitoring Suite" verbose="1">
	<listeners>
		<listener class-name="com.rjil.cloud.tej.common.CustomListener" />
		<listener class-name="com.rjil.cloud.tej.common.ExtentReporterNG" />
		<listener class-name="com.rjil.cloud.tej.common.TestNGCustomReportListener" />
		<listener class-name="com.rjil.cloud.tej.common.RetryListener"/>
		<listener class-name="com.rjil.cloud.tej.common.TestListener"/>
	</listeners>

	<parameter name="reportTitle" value="JioCloud2.0 API Monitoring Report" />
	<!-- <parameter name="reportFileName" value="custom-monitoring-report.html" 
		/> -->
	<parameter name="reportFileName" value="JioCloudBoardApi" />

	<!-- <groups> <run> <include name="Sanity" /> </run> </groups> -->

	<test name="SingleFileUploadToBoard">
	<classes>
	<class name="com.rjil.cloud.tej.api.test.fileupload.UploadForBoardTest"/>
	<class name="com.rjil.cloud.tej.api.test.fileupload.UploadForBoardNegativeTest"/>
	<class name="com.rjil.cloud.tej.api.test.fileupload.UploadForBoardNegativeTest"/>
	<class name="com.rjil.cloud.tej.api.test.fileupload.ChunkFileUploadForBoardTest"/>
	</classes>
	
	</test>

</suite>