<?xml version="1.0" encoding="UTF-8"?>
<suite name="Jio Drive 2.0 API Regression Suite" verbose="1">
	<listeners>
		<listener class-name="com.rjil.cloud.tej.common.CustomListener" />
		<listener class-name="com.rjil.cloud.tej.common.ExtentReporterNG" />
		<listener class-name="com.rjil.cloud.tej.common.TestNGCustomReportListener" />

	</listeners>

	<parameter name="reportTitle" value="JioCloud2.0 API Execution Report" />
	<!-- <parameter name="reportFileName" value="custom-tej-regression-report.html" 
		/> -->
	<parameter name="reportFileName" value="JioCloudRegressionReport" />


	  <groups> 
	  <run> 
	  <include name="Sanity Testing" /> 
	  </run> 
	  </groups> 
	<!-- <groups> <run> <include name="Sanity" /> </run> </groups> -->
	<test name="UserManagement">
		<classes>
			<class
				name="com.rjil.cloud.tej.api.test.usermanagement.SetUserProfilePicTest" />
			<class
				name="com.rjil.cloud.tej.api.test.usermanagement.GetAllCountryIsdCodesTest" />
			<class
				name="com.rjil.cloud.tej.api.test.usermanagement.GetAutoBackupSettingsTest" />
			<class
				name="com.rjil.cloud.tej.api.test.usermanagement.StoreAutoBackupSettingsTest" />
			<class
				name="com.rjil.cloud.tej.api.test.usermanagement.UpdateAutoBackupSettingsTest" />
			<class
				name="com.rjil.cloud.tej.api.test.usermanagement.GetUserProfileTest" />

		</classes>

	</test>

 	 <test name="Upload">
		<packages>
			<package name="com.rjil.cloud.tej.api.test.fileupload" />
		</packages>
	</test>


	<test name="SharedServices">
		<packages>
			<package name="com.rjil.cloud.tej.api.test.sharedServices" />
		</packages>
	</test>

	<test name="Other API's">
		<packages>
			<package name="com.rjil.cloud.tej.api.test.others" />
		</packages>
	</test>

	<test name="StreamingServices">
		<packages>
			<package name="com.rjil.cloud.tej.api.test.streaming" />
		</packages>
	</test> 


	<test name="Download">
		<packages>
			<package name="com.rjil.cloud.tej.api.test.download" />
		</packages>
	</test> 
	
	<test name="NMS">
		<packages>
			<package name="com.rjil.cloud.tej.api.test.nms" />
		</packages>
	</test>



	<test name="GatewayServices">
		<packages>
			<package name="com.rjil.cloud.tej.api.test.gatewayservices" />
		</packages>
		<classes> <class name="com.rjil.cloud.tej.api.test.gatewayservices.GetAutoBackupSettingsAndAPIsURLTest" 
			/> </classes>
	</test>

	<test name="Document Conversion">
	<classes>
	<class name="com.rjil.cloud.tej.api.test.documentconversion.DocumentConversionTest"/>
	</classes>
	
	</test>

	<test name="NotificationServices">
		<packages>
			<package name="com.rjil.cloud.tej.api.test.notifications" />
		</packages>
		<classes> <class name="com.rjil.cloud.tej.api.test.notifications.GetNotificationsTest" 
			/> </classes>
	</test>
 	 <test name="CreateBoard">
		<classes>
			<class name="com.rjil.cloud.tej.api.test.boards.CreateBoardNegativeTest" />
			<class name="com.rjil.cloud.tej.api.test.boards.CreateBoardTest" />
		</classes>
	</test>

 	 <test name="BoardsDeltaSync">
		<classes>
		<class name="com.rjil.cloud.tej.api.test.boards.BoardsDeltaSyncTest" />
			<class
				name="com.rjil.cloud.tej.api.test.boards.BoardDeltaSyncNegativeTest" />
			
		</classes>
	</test>

	<test name="BoardsFeed">
		<classes>
			<class name="com.rjil.cloud.tej.api.test.boards.BoardsInitialSyncTest" />
			<class name="com.rjil.cloud.tej.api.test.boards.BoardsInitialSyncNegativeTest" />
		
		</classes>
	</test> 

	<test name="BoardsCopyFileToAnotherBoard/RepoFileToBoard">
		<classes>
			<class
				name="com.rjil.cloud.tej.api.test.boards.CopyFileFromAnotherBoardTest" />
		</classes>
	</test>
	
 	<test name="RepoFileToBoard">
		<classes>
		<class
				name="com.rjil.cloud.tej.api.test.boards.RepositoryFileUploadToBoardTest" /> 
		</classes>
	</test>

	<test name="BoardsHyperLink">
		<classes>
			
			<class name="com.rjil.cloud.tej.api.test.boards.UploadHyperLinkTest" />
		</classes>
	</test>

	

	<test name="EnableDisableBoardNotification">
		<classes>
			<class
				name="com.rjil.cloud.tej.api.test.boards.DisableNotificationPerBoardTest" />
			<class
				name="com.rjil.cloud.tej.api.test.boards.EnableNotificationPerBoardTest" />
		</classes>
	</test>

	<test name="BoardCategories">
		<classes>
			<class name="com.rjil.cloud.tej.api.test.boards.GetBoardCategoriesTest" />
		</classes>
	</test>

	<test name="BoardCoverPicAndFileDownload">
		<classes>
			<class name="com.rjil.cloud.tej.api.test.boards.DownloadBoardCoverPicTest" />
			<class name="com.rjil.cloud.tej.api.test.boards.DownloadBoardFileTest" />
		</classes>
	</test>

	<test name="IndividualDelta/InitialSync">
		<classes>
		
			<class
				name="com.rjil.cloud.tej.api.test.boards.IndividualBoardDeltaSyncTest" />
			<class
				name="com.rjil.cloud.tej.api.test.boards.IndividualBoardInitialSyncTest" />
		</classes>
	</test>

	<test name="BoardFavorite/Unfavorite">
		<classes>
			<class name="com.rjil.cloud.tej.api.test.boards.MarkBoardAsFavouriteTest" />
			<class
				name="com.rjil.cloud.tej.api.test.boards.MarkBoardAsUnfavouriteTest" />
		</classes>
	</test>

	<test name="RestoreTrashBoardFile">
		<classes>
			<class
				name="com.rjil.cloud.tej.api.test.boards.RestoreTrashBoardFilesTest" />
		
		</classes>
	</test>
	
	<test name="RestoreTrashBoardFileUsingSingleFileUpload">
		<classes>
			<class
				name="com.rjil.cloud.tej.api.test.boards.RestoreTrashBoardFilesUsingSingleFileUploadTest" />
		</classes>
	</test>
	
	<test name="UpdateBoardMetadata">
		<classes>
			
		
		<class
				name="com.rjil.cloud.tej.api.test.boards.UpdateBoardMetaDataTest" />
		
		<class
				name="com.rjil.cloud.tej.api.test.boards.UpdateBoardMetaDataUsingSingleFileUploadTest" />
				
		</classes>
		
	</test>
	
	<test name="UpdateBoardCoverPic">
		<classes>
				
			<class name="com.rjil.cloud.tej.api.test.boards.UpdateBoardsCoverPicTest" />
			<class
				name="com.rjil.cloud.tej.api.test.boards.UpdateBoardsCoverPicUsingSingleFileUploadTest" />
		
		</classes>
		
	</test>
	
	<test name="ViewTrashedFile">
		<classes>
		<class
				name="com.rjil.cloud.tej.api.test.boards.ViewTrashedFilesTest" />
		</classes>
		
	</test>

	<test name="BoardInvites">
	<packages>
	<package name="com.rjil.cloud.tej.api.test.boardinvites"/>
	</packages>
	
	</test>
	
	<test name="BoardComments">
	<packages>
	<package name="com.rjil.cloud.tej.api.test.boardcomments"/>
	</packages>
	
	</test>
	
	<test name="BoardSharedService">
	<packages>
	<package name="com.rjil.cloud.tej.api.test.boardsharedservices"/>
	</packages>
	
	</test>
	
	<test name="Amiko Backup Restore Cab ">
		 <packages>
			<package name="com.rjil.cloud.tej.api.test.contacts" />
		</packages>

	</test>
	
	<test name="Amiko Dedupe Merge Discard">
		<packages>
			<package name="com.rjil.cloud.tej.api.test.mergeContacts" />
		</packages>
	</test>
 
 	<test name="SingleFileUploadToBoard">
	<classes>
	<class name="com.rjil.cloud.tej.api.test.boards.UploadForBoardTest"/>
	</classes>
	
	</test>
	<test name="ChunkFileUploadToBoard">
	<classes>
	<class name="com.rjil.cloud.tej.api.test.boards.ChunkFileUploadForBoardTest"/>
	</classes>
	
	</test>


</suite>