<?xml version="1.0" encoding="UTF-8"?>
<suite name="Jio Drive 2.0 API Monitoring Suite" verbose="1">
	<listeners>
		<listener class-name="com.rjil.cloud.tej.common.CustomListener" />
		<listener class-name="com.rjil.cloud.tej.common.ExtentReporterNG" />
		<listener class-name="com.rjil.cloud.tej.common.TestNGCustomReportListener" />

	</listeners>

	<parameter name="reportTitle" value="JioCloud2.0 API Monitoring Report" />
<!-- 	<parameter name="reportFileName" value="custom-monitoring-report.html" /> -->
	<parameter name="reportFileName" value="JioCloudSharedServicesApi" />

	<groups>
		<run>
			<include name="Sanity" />
		</run>
	</groups>

	<test name="SharedServices">
		<packages>
			<package name="com.rjil.cloud.tej.api.test.sharedServices" />
		</packages>
	</test>

</suite>