<?xml version="1.0" encoding="UTF-8"?>
<suite name="Jio Drive 2.0 API Monitoring Suite" verbose="1">
	<listeners>
		<listener class-name="com.rjil.cloud.tej.common.CustomListener" />
		<listener class-name="com.rjil.cloud.tej.common.ExtentReporterNG" />
		<listener class-name="com.rjil.cloud.tej.common.TestNGCustomReportListener" />

	</listeners>

	<parameter name="reportTitle" value="JioCloud2.0 API Monitoring Report" />
	<!--  <parameter name="reportFileName" value="custom-monitoring-report.html" />-->
	<parameter name="reportFileName" value="JioCloudUserManagementApi" />
	<groups>
		<run>
			<include name="Sanity" />
		</run>
	</groups> 
	
	<test name="UserManagement">
		<classes>
			<class name="com.rjil.cloud.tej.api.test.usermanagement.AddIdamUserTest" />
			<class
				name="com.rjil.cloud.tej.api.test.usermanagement.SendContactVerificationCodeTest" />
			<class
				name="com.rjil.cloud.tej.api.test.usermanagement.SetUserProfilePicTest" />
			<class
				name="com.rjil.cloud.tej.api.test.usermanagement.GetAllCountryIsdCodesTest" />
			<class
				name="com.rjil.cloud.tej.api.test.usermanagement.GetAutoBackupSettingsTest" />
	
			<class
				name="com.rjil.cloud.tej.api.test.usermanagement.StoreAutoBackupSettingsTest" />
		
			<class
				name="com.rjil.cloud.tej.api.test.usermanagement.UpdateAutoBackupSettingsTest" />
			<class
				name="com.rjil.cloud.tej.api.test.usermanagement.GetUserProfileTest" />
			
		</classes>

	</test>

</suite>